6.54720000e+00,1.72640000e+10,0.00000000e+00,0.00000000e+00,2.01612903e-01,0.00000000e+00,1.00000000e+00,6.54320000e+00,6.55360000e+00,6.54040000e+00
6.55150000e+00,2.13180000e+10,0.00000000e+00,6.56769276e-02,7.17864125e-02,0.00000000e+00,1.00000000e+00,6.55300000e+00,6.55470000e+00,6.55000000e+00
6.54280000e+00,1.67280000e+10,0.00000000e+00,-1.32794023e-01,1.45004961e-01,0.00000000e+00,1.00000000e+00,6.54220000e+00,6.54460000e+00,6.53510000e+00
6.52180000e+00,1.82470000e+10,0.00000000e+00,-3.20963502e-01,4.09610564e-01,0.00000000e+00,1.00000000e+00,6.52800000e+00,6.53130000e+00,6.50450000e+00
6.51500000e+00,1.69840000e+10,0.00000000e+00,-1.04265690e-01,2.08531387e-01,0.00000000e+00,1.00000000e+00,6.51020000e+00,6.51950000e+00,6.50590000e+00
6.50550000e+00,1.44960000e+10,0.00000000e+00,-1.45817339e-01,1.07444359e-01,0.00000000e+00,1.00000000e+00,6.50880000e+00,6.51100000e+00,6.50400000e+00
6.51500000e+00,1.84700000e+10,0.00000000e+00,1.46030277e-01,1.49104604e-01,0.00000000e+00,1.00000000e+00,6.50620000e+00,6.51590000e+00,6.50620000e+00
6.51590000e+00,1.61300000e+10,0.00000000e+00,1.38142752e-02,2.68610898e-01,0.00000000e+00,1.00000000e+00,6.51580000e+00,6.52500000e+00,6.50750000e+00
6.49850000e+00,1.91380000e+10,0.00000000e+00,-2.67039090e-01,2.20997867e-01,0.00000000e+00,1.00000000e+00,6.49100000e+00,6.50100000e+00,6.48660000e+00
6.49500000e+00,1.96410000e+10,0.00000000e+00,-5.38585819e-02,1.46187582e-01,0.00000000e+00,1.00000000e+00,6.49300000e+00,6.50150000e+00,6.49200000e+00
6.51050000e+00,1.60340000e+10,0.00000000e+00,2.38645107e-01,1.43187067e-01,0.00000000e+00,1.00000000e+00,6.50550000e+00,6.51340000e+00,6.50410000e+00
6.52100000e+00,1.95380000e+10,0.00000000e+00,1.61277935e-01,1.22878427e-01,0.00000000e+00,1.00000000e+00,6.51800000e+00,6.52390000e+00,6.51590000e+00
6.49300000e+00,1.91060000e+10,0.00000000e+00,-4.29381996e-01,4.15580432e-01,0.00000000e+00,1.00000000e+00,6.49880000e+00,6.50010000e+00,6.47300000e+00
6.47270000e+00,1.92050000e+10,0.00000000e+00,-3.12644392e-01,4.52795318e-01,0.00000000e+00,1.00000000e+00,6.46150000e+00,6.48530000e+00,6.45590000e+00
6.48580000e+00,2.28550000e+10,0.00000000e+00,2.02388495e-01,1.71489487e-01,0.00000000e+00,1.00000000e+00,6.48370000e+00,6.49000000e+00,6.47890000e+00
6.49260000e+00,1.94720000e+10,0.00000000e+00,1.04844429e-01,1.75768602e-01,0.00000000e+00,1.00000000e+00,6.49690000e+00,6.49800000e+00,6.48660000e+00
6.49690000e+00,2.20130000e+10,0.00000000e+00,6.62292466e-02,3.24985368e-01,0.00000000e+00,1.00000000e+00,6.48470000e+00,6.50580000e+00,6.48470000e+00
6.51260000e+00,1.70460000e+10,0.00000000e+00,2.41653711e-01,1.66233127e-01,0.00000000e+00,1.00000000e+00,6.51350000e+00,6.51830000e+00,6.50750000e+00
6.51540000e+00,1.27120000e+10,0.00000000e+00,4.29935828e-02,1.82722722e-01,0.00000000e+00,1.00000000e+00,6.51700000e+00,6.52200000e+00,6.51010000e+00
6.51600000e+00,2.07290000e+10,0.00000000e+00,9.20895115e-03,1.42738742e-01,0.00000000e+00,1.00000000e+00,6.51800000e+00,6.52030000e+00,6.51100000e+00
6.51150000e+00,2.31100000e+10,0.00000000e+00,-6.90607727e-02,8.44076120e-02,0.00000000e+00,1.00000000e+00,6.50990000e+00,6.51200000e+00,6.50650000e+00
6.47800000e+00,2.60000000e+10,0.00000000e+00,-5.14474392e-01,2.94862935e-01,0.00000000e+00,1.00000000e+00,6.48700000e+00,6.48800000e+00,6.46880000e+00
6.46760000e+00,2.77080000e+10,0.00000000e+00,-1.60543382e-01,3.17999383e-01,0.00000000e+00,1.00000000e+00,6.46400000e+00,6.46860000e+00,6.44800000e+00
6.46440000e+00,2.17910000e+10,0.00000000e+00,-4.94773947e-02,4.00457666e-01,0.00000000e+00,1.00000000e+00,6.46200000e+00,6.48790000e+00,6.46200000e+00
6.47320000e+00,2.13650000e+10,0.00000000e+00,1.36130184e-01,1.84085143e-01,0.00000000e+00,1.00000000e+00,6.47100000e+00,6.48000000e+00,6.46810000e+00
6.48200000e+00,2.27030000e+10,0.00000000e+00,1.35945126e-01,2.11641846e-01,0.00000000e+00,1.00000000e+00,6.47800000e+00,6.48900000e+00,6.47530000e+00
6.47290000e+00,2.03730000e+10,0.00000000e+00,-1.40388772e-01,2.09811786e-01,0.00000000e+00,1.00000000e+00,6.47270000e+00,6.47680000e+00,6.46320000e+00
6.47530000e+00,1.84750000e+10,0.00000000e+00,3.70776616e-02,1.94657727e-01,0.00000000e+00,1.00000000e+00,6.47710000e+00,6.48060000e+00,6.46800000e+00
6.47000000e+00,1.83400000e+10,0.00000000e+00,-8.18494931e-02,2.79523729e-01,0.00000000e+00,1.00000000e+00,6.46800000e+00,6.47310000e+00,6.45500000e+00
6.45920000e+00,2.16870000e+10,0.00000000e+00,-1.66924268e-01,3.84853168e-01,0.00000000e+00,1.00000000e+00,6.46360000e+00,6.47560000e+00,6.45070000e+00
6.46780000e+00,1.98860000e+10,0.00000000e+00,1.33143425e-01,2.32226901e-01,0.00000000e+00,1.00000000e+00,6.46200000e+00,6.47700000e+00,6.46200000e+00
6.48750000e+00,2.12010000e+10,0.00000000e+00,3.04585785e-01,1.66981045e-01,0.00000000e+00,1.00000000e+00,6.48600000e+00,6.48990000e+00,6.47910000e+00
6.48160000e+00,1.82510000e+10,0.00000000e+00,-9.09441262e-02,2.66666667e-01,0.00000000e+00,1.00000000e+00,6.48500000e+00,6.48840000e+00,6.47110000e+00
6.48030000e+00,1.79300000e+10,0.00000000e+00,-2.00567767e-02,9.25697359e-02,0.00000000e+00,1.00000000e+00,6.47700000e+00,6.48230000e+00,6.47630000e+00
6.47220000e+00,2.27930000e+10,0.00000000e+00,-1.24994211e-01,2.99368856e-01,0.00000000e+00,1.00000000e+00,6.47700000e+00,6.47750000e+00,6.45810000e+00
6.46930000e+00,2.18320000e+10,0.00000000e+00,-4.48070206e-02,1.94678780e-01,0.00000000e+00,1.00000000e+00,6.46420000e+00,6.47450000e+00,6.46190000e+00
6.47930000e+00,2.20870000e+10,0.00000000e+00,1.54576227e-01,1.88583000e-01,0.00000000e+00,1.00000000e+00,6.47820000e+00,6.48480000e+00,6.47260000e+00
6.49300000e+00,2.04440000e+10,0.00000000e+00,2.11442590e-01,3.54976618e-01,0.00000000e+00,1.00000000e+00,6.48060000e+00,6.50150000e+00,6.47850000e+00
6.49690000e+00,2.15950000e+10,0.00000000e+00,6.00646846e-02,2.64900662e-01,0.00000000e+00,1.00000000e+00,6.50510000e+00,6.51000000e+00,6.49280000e+00
6.49350000e+00,2.17390000e+10,0.00000000e+00,-5.23326509e-02,1.26214041e-01,0.00000000e+00,1.00000000e+00,6.48900000e+00,6.49720000e+00,6.48900000e+00
6.49350000e+00,2.36480000e+10,0.00000000e+00,0.00000000e+00,1.23200123e-01,0.00000000e+00,1.00000000e+00,6.49280000e+00,6.49600000e+00,6.48800000e+00
6.48180000e+00,2.84200000e+10,0.00000000e+00,-1.80180177e-01,4.83560484e-01,0.00000000e+00,1.00000000e+00,6.50000000e+00,6.50270000e+00,6.47130000e+00
6.48550000e+00,2.03310000e+10,0.00000000e+00,5.70829101e-02,4.04208707e-01,0.00000000e+00,1.00000000e+00,6.46300000e+00,6.48890000e+00,6.46270000e+00
6.47430000e+00,2.13800000e+10,0.00000000e+00,-1.72692925e-01,3.42302058e-01,0.00000000e+00,1.00000000e+00,6.47750000e+00,6.49280000e+00,6.47060000e+00
6.50000000e+00,2.14800000e+10,0.00000000e+00,3.96954119e-01,2.20873299e-01,0.00000000e+00,1.00000000e+00,6.49300000e+00,6.50730000e+00,6.49300000e+00
6.50680000e+00,2.02720000e+10,0.00000000e+00,1.04615383e-01,1.43076923e-01,0.00000000e+00,1.00000000e+00,6.50230000e+00,6.50870000e+00,6.49940000e+00
6.50230000e+00,1.53440000e+10,0.00000000e+00,-6.91584200e-02,3.01223336e-01,0.00000000e+00,1.00000000e+00,6.50300000e+00,6.51000000e+00,6.49040000e+00
6.50680000e+00,1.72950000e+10,0.00000000e+00,6.92062825e-02,3.47569322e-01,0.00000000e+00,1.00000000e+00,6.49600000e+00,6.51860000e+00,6.49600000e+00
6.51550000e+00,2.29410000e+10,0.00000000e+00,1.33706272e-01,1.59832790e-01,0.00000000e+00,1.00000000e+00,6.52130000e+00,6.52400000e+00,6.51360000e+00
6.51200000e+00,1.89900000e+10,0.00000000e+00,-5.37180565e-02,3.53004374e-01,0.00000000e+00,1.00000000e+00,6.51480000e+00,6.51500000e+00,6.49200000e+00
6.51220000e+00,1.83430000e+10,0.00000000e+00,3.07125296e-03,2.79484029e-01,0.00000000e+00,1.00000000e+00,6.49890000e+00,6.51700000e+00,6.49880000e+00
6.52020000e+00,2.25070000e+10,0.00000000e+00,1.22846350e-01,3.27078407e-01,0.00000000e+00,1.00000000e+00,6.51570000e+00,6.53190000e+00,6.51060000e+00
6.52090000e+00,1.86000000e+10,0.00000000e+00,1.07358666e-02,1.71773872e-01,0.00000000e+00,1.00000000e+00,6.52890000e+00,6.53120000e+00,6.52000000e+00
6.52270000e+00,2.03110000e+10,0.00000000e+00,2.76035517e-02,2.76035517e-01,0.00000000e+00,1.00000000e+00,6.51810000e+00,6.52850000e+00,6.51050000e+00
6.53530000e+00,2.09450000e+10,0.00000000e+00,1.93171546e-01,2.20767474e-01,0.00000000e+00,1.00000000e+00,6.52540000e+00,6.53980000e+00,6.52540000e+00
6.54400000e+00,2.34370000e+10,0.00000000e+00,1.33123189e-01,2.24932291e-01,0.00000000e+00,1.00000000e+00,6.54900000e+00,6.55300000e+00,6.53830000e+00
6.54330000e+00,1.71470000e+10,0.00000000e+00,-1.06968218e-02,1.55867971e-01,0.00000000e+00,1.00000000e+00,6.53910000e+00,6.54930000e+00,6.53910000e+00
6.55190000e+00,1.72880000e+10,0.00000000e+00,1.31432146e-01,2.67449146e-01,0.00000000e+00,1.00000000e+00,6.54300000e+00,6.55850000e+00,6.54100000e+00
6.55670000e+00,2.21700000e+10,0.00000000e+00,7.32611939e-02,1.03786688e-01,0.00000000e+00,1.00000000e+00,6.55700000e+00,6.55900000e+00,6.55220000e+00
6.56200000e+00,2.01580000e+10,0.00000000e+00,8.08333457e-02,1.47940275e-01,0.00000000e+00,1.00000000e+00,6.56060000e+00,6.56580000e+00,6.55610000e+00
6.56190000e+00,1.74280000e+10,0.00000000e+00,-1.52392569e-03,1.78299299e-01,0.00000000e+00,1.00000000e+00,6.55700000e+00,6.56200000e+00,6.55030000e+00
6.55970000e+00,1.70380000e+10,0.00000000e+00,-3.35268751e-02,2.68214999e-01,0.00000000e+00,1.00000000e+00,6.55300000e+00,6.56800000e+00,6.55040000e+00
6.58250000e+00,2.03520000e+10,0.00000000e+00,3.47576857e-01,1.20432337e-01,0.00000000e+00,1.00000000e+00,6.57640000e+00,6.58300000e+00,6.57510000e+00
6.58460000e+00,2.31500000e+10,0.00000000e+00,3.19027714e-02,1.51917964e-01,0.00000000e+00,1.00000000e+00,6.58010000e+00,6.58650000e+00,6.57650000e+00
6.58210000e+00,2.30910000e+10,0.00000000e+00,-3.79673801e-02,2.61215564e-01,0.00000000e+00,1.00000000e+00,6.58400000e+00,6.59450000e+00,6.57730000e+00
6.57920000e+00,2.48070000e+10,0.00000000e+00,-4.40588854e-02,1.23061029e-01,0.00000000e+00,1.00000000e+00,6.57960000e+00,6.58400000e+00,6.57590000e+00
6.58550000e+00,1.61280000e+10,0.00000000e+00,9.57563221e-02,5.54778696e-01,0.00000000e+00,1.00000000e+00,6.58800000e+00,6.58800000e+00,6.55150000e+00
6.56480000e+00,2.32480000e+10,0.00000000e+00,-3.14326942e-01,1.91329436e-01,0.00000000e+00,1.00000000e+00,6.55500000e+00,6.56690000e+00,6.55430000e+00
6.57200000e+00,2.43070000e+10,0.00000000e+00,1.09675847e-01,1.29478430e-01,0.00000000e+00,1.00000000e+00,6.56550000e+00,6.57400000e+00,6.56550000e+00
6.57030000e+00,2.41690000e+10,0.00000000e+00,-2.58673150e-02,1.29478430e-01,0.00000000e+00,1.00000000e+00,6.57170000e+00,6.57400000e+00,6.56550000e+00
6.58630000e+00,2.64210000e+10,0.00000000e+00,2.43520081e-01,1.20238041e-01,0.00000000e+00,1.00000000e+00,6.58200000e+00,6.58990000e+00,6.58200000e+00
6.59050000e+00,2.64630000e+10,0.00000000e+00,6.37687296e-02,2.45965109e-01,0.00000000e+00,1.00000000e+00,6.58350000e+00,6.59660000e+00,6.58040000e+00
6.58830000e+00,2.25200000e+10,0.00000000e+00,-3.33813839e-02,3.97541916e-01,0.00000000e+00,1.00000000e+00,6.60200000e+00,6.60470000e+00,6.57850000e+00
6.58400000e+00,2.59850000e+10,0.00000000e+00,-6.52672127e-02,2.86872183e-01,0.00000000e+00,1.00000000e+00,6.58180000e+00,6.59170000e+00,6.57280000e+00
6.59100000e+00,2.22900000e+10,0.00000000e+00,1.06318347e-01,1.82260024e-01,0.00000000e+00,1.00000000e+00,6.58470000e+00,6.59320000e+00,6.58120000e+00
6.57920000e+00,2.17330000e+10,0.00000000e+00,-1.79032013e-01,8.49643453e-02,0.00000000e+00,1.00000000e+00,6.57930000e+00,6.58300000e+00,6.57740000e+00
6.57990000e+00,2.38400000e+10,0.00000000e+00,1.06395911e-02,2.99428502e-01,0.00000000e+00,1.00000000e+00,6.57630000e+00,6.59320000e+00,6.57350000e+00
6.58070000e+00,2.43210000e+10,0.00000000e+00,1.21582393e-02,2.94837308e-01,0.00000000e+00,1.00000000e+00,6.58990000e+00,6.59360000e+00,6.57420000e+00
6.57780000e+00,1.89510000e+10,0.00000000e+00,-4.40682620e-02,2.24900087e-01,0.00000000e+00,1.00000000e+00,6.57470000e+00,6.58330000e+00,6.56850000e+00
6.61480000e+00,1.36910000e+10,0.00000000e+00,5.62498093e-01,6.40031622e-01,0.00000000e+00,1.00000000e+00,6.58780000e+00,6.62850000e+00,6.58640000e+00
6.63930000e+00,2.63830000e+10,0.00000000e+00,3.70381564e-01,7.21110238e-01,0.00000000e+00,1.00000000e+00,6.61500000e+00,6.65870000e+00,6.61100000e+00
6.64870000e+00,2.66210000e+10,0.00000000e+00,1.41581193e-01,1.26519362e-01,0.00000000e+00,1.00000000e+00,6.65120000e+00,6.65340000e+00,6.64500000e+00
6.64640000e+00,2.72500000e+10,0.00000000e+00,-3.45932283e-02,2.51176922e-01,0.00000000e+00,1.00000000e+00,6.64260000e+00,6.65470000e+00,6.63800000e+00
6.64330000e+00,2.38070000e+10,0.00000000e+00,-4.66417894e-02,2.31704381e-01,0.00000000e+00,1.00000000e+00,6.64500000e+00,6.65500000e+00,6.63960000e+00
6.65820000e+00,1.79790000e+10,0.00000000e+00,2.24286124e-01,2.04717535e-01,0.00000000e+00,1.00000000e+00,6.64840000e+00,6.66200000e+00,6.64840000e+00
6.66360000e+00,2.10060000e+10,0.00000000e+00,8.11030045e-02,1.80228891e-01,0.00000000e+00,1.00000000e+00,6.65500000e+00,6.66700000e+00,6.65500000e+00
6.66950000e+00,2.09380000e+10,0.00000000e+00,8.85407254e-02,2.55117354e-01,0.00000000e+00,1.00000000e+00,6.66460000e+00,6.68160000e+00,6.66460000e+00
6.69000000e+00,1.99990000e+10,0.00000000e+00,3.07369381e-01,2.21905690e-01,0.00000000e+00,1.00000000e+00,6.68660000e+00,6.69800000e+00,6.68320000e+00
6.68300000e+00,2.07970000e+10,0.00000000e+00,-1.04633778e-01,1.52466368e-01,0.00000000e+00,1.00000000e+00,6.68560000e+00,6.69020000e+00,6.68000000e+00
6.68810000e+00,2.28690000e+10,0.00000000e+00,7.63130337e-02,1.46640730e-01,0.00000000e+00,1.00000000e+00,6.68800000e+00,6.69280000e+00,6.68300000e+00
6.68790000e+00,3.19360000e+10,0.00000000e+00,-2.99038598e-03,1.13634665e-01,0.00000000e+00,1.00000000e+00,6.68890000e+00,6.69330000e+00,6.68570000e+00
6.68500000e+00,2.78490000e+10,0.00000000e+00,-4.33618911e-02,1.74942807e-01,0.00000000e+00,1.00000000e+00,6.69350000e+00,6.69350000e+00,6.68180000e+00
6.69220000e+00,2.28050000e+10,0.00000000e+00,1.07703812e-01,1.94465221e-01,0.00000000e+00,1.00000000e+00,6.68830000e+00,6.69320000e+00,6.68020000e+00
6.68710000e+00,2.59220000e+10,0.00000000e+00,-7.62081221e-02,1.18047877e-01,0.00000000e+00,1.00000000e+00,6.68900000e+00,6.68900000e+00,6.68110000e+00
6.68040000e+00,2.01670000e+10,0.00000000e+00,-1.00192912e-01,1.43559989e-01,0.00000000e+00,1.00000000e+00,6.68100000e+00,6.68890000e+00,6.67930000e+00
6.69870000e+00,2.32960000e+10,0.00000000e+00,2.73935705e-01,1.57176217e-01,0.00000000e+00,1.00000000e+00,6.69550000e+00,6.70300000e+00,6.69250000e+00
6.68930000e+00,2.67200000e+10,0.00000000e+00,-1.40325740e-01,1.86603371e-01,0.00000000e+00,1.00000000e+00,6.70110000e+00,6.70110000e+00,6.68860000e+00
6.67800000e+00,2.64740000e+10,0.00000000e+00,-1.68926492e-01,3.12439269e-01,0.00000000e+00,1.00000000e+00,6.69250000e+00,6.69250000e+00,6.67160000e+00
6.67830000e+00,2.05550000e+10,0.00000000e+00,4.49236296e-03,2.29110512e-01,0.00000000e+00,1.00000000e+00,6.68180000e+00,6.68330000e+00,6.66800000e+00
6.67040000e+00,2.49940000e+10,0.00000000e+00,-1.18293576e-01,1.87173382e-01,0.00000000e+00,1.00000000e+00,6.67150000e+00,6.68000000e+00,6.66750000e+00
6.67990000e+00,1.87380000e+10,0.00000000e+00,1.42420247e-01,1.00443751e-01,0.00000000e+00,1.00000000e+00,6.68300000e+00,6.68300000e+00,6.67630000e+00
6.67660000e+00,2.18750000e+10,0.00000000e+00,-4.94019389e-02,1.93116663e-01,0.00000000e+00,1.00000000e+00,6.67800000e+00,6.67990000e+00,6.66700000e+00
6.66970000e+00,2.26430000e+10,0.00000000e+00,-1.03346013e-01,1.06341551e-01,0.00000000e+00,1.00000000e+00,6.67390000e+00,6.67390000e+00,6.66680000e+00
6.65660000e+00,1.92070000e+10,0.00000000e+00,-1.96410626e-01,2.74375159e-01,0.00000000e+00,1.00000000e+00,6.66330000e+00,6.66330000e+00,6.64500000e+00
6.65480000e+00,1.94190000e+10,0.00000000e+00,-2.70408317e-02,3.65051227e-01,0.00000000e+00,1.00000000e+00,6.65540000e+00,6.65640000e+00,6.63210000e+00
6.63900000e+00,2.17770000e+10,0.00000000e+00,-2.37422615e-01,1.83326321e-01,0.00000000e+00,1.00000000e+00,6.63400000e+00,6.64450000e+00,6.63230000e+00
6.63890000e+00,2.13910000e+10,0.00000000e+00,-1.50625093e-03,3.08781443e-01,0.00000000e+00,1.00000000e+00,6.64800000e+00,6.64950000e+00,6.62900000e+00
6.63080000e+00,3.14830000e+10,0.00000000e+00,-1.22008167e-01,1.88284204e-01,0.00000000e+00,1.00000000e+00,6.62500000e+00,6.63650000e+00,6.62400000e+00
6.63920000e+00,2.25810000e+10,0.00000000e+00,1.26681551e-01,2.29233275e-01,0.00000000e+00,1.00000000e+00,6.63800000e+00,6.64530000e+00,6.63010000e+00
6.64520000e+00,1.74270000e+10,0.00000000e+00,9.03723314e-02,1.61163996e-01,0.00000000e+00,1.00000000e+00,6.64200000e+00,6.65120000e+00,6.64050000e+00
6.66240000e+00,1.82090000e+10,0.00000000e+00,2.58833438e-01,1.20387648e-01,0.00000000e+00,1.00000000e+00,6.66100000e+00,6.66530000e+00,6.65730000e+00
6.66190000e+00,1.75720000e+10,0.00000000e+00,-7.50480313e-03,6.15393852e-02,0.00000000e+00,1.00000000e+00,6.66070000e+00,6.66420000e+00,6.66010000e+00
6.64300000e+00,2.05710000e+10,0.00000000e+00,-2.83702850e-01,3.51251145e-01,0.00000000e+00,1.00000000e+00,6.65200000e+00,6.65240000e+00,6.62900000e+00
6.64150000e+00,3.15190000e+10,0.00000000e+00,-2.25801598e-02,1.53545085e-01,0.00000000e+00,1.00000000e+00,6.63590000e+00,6.64390000e+00,6.63370000e+00
6.64460000e+00,1.70260000e+10,0.00000000e+00,4.66762036e-02,2.18324174e-01,0.00000000e+00,1.00000000e+00,6.64000000e+00,6.64740000e+00,6.63290000e+00
6.64060000e+00,1.75570000e+10,0.00000000e+00,-6.01992607e-02,1.85112723e-01,0.00000000e+00,1.00000000e+00,6.64380000e+00,6.64880000e+00,6.63650000e+00
6.62600000e+00,1.95880000e+10,0.00000000e+00,-2.19859645e-01,3.14730597e-01,0.00000000e+00,1.00000000e+00,6.63550000e+00,6.64040000e+00,6.61950000e+00
6.63100000e+00,2.89340000e+10,0.00000000e+00,7.54603073e-02,2.44491398e-01,0.00000000e+00,1.00000000e+00,6.62200000e+00,6.63750000e+00,6.62130000e+00
6.63220000e+00,2.15760000e+10,0.00000000e+00,1.80968177e-02,2.38274770e-01,0.00000000e+00,1.00000000e+00,6.62600000e+00,6.63480000e+00,6.61900000e+00
6.65000000e+00,2.11630000e+10,0.00000000e+00,2.68387556e-01,3.67902054e-01,0.00000000e+00,1.00000000e+00,6.63240000e+00,6.65680000e+00,6.63240000e+00
6.65780000e+00,1.87110000e+10,0.00000000e+00,1.17293231e-01,2.07518797e-01,0.00000000e+00,1.00000000e+00,6.66300000e+00,6.66630000e+00,6.65250000e+00
6.64160000e+00,2.00560000e+10,0.00000000e+00,-2.43323624e-01,2.50833609e-01,0.00000000e+00,1.00000000e+00,6.65090000e+00,6.65440000e+00,6.63770000e+00
6.65100000e+00,1.68520000e+10,0.00000000e+00,1.41532168e-01,2.61985064e-01,0.00000000e+00,1.00000000e+00,6.64360000e+00,6.66100000e+00,6.64360000e+00
6.65350000e+00,2.06370000e+10,0.00000000e+00,3.75883318e-02,1.33814464e-01,0.00000000e+00,1.00000000e+00,6.65780000e+00,6.66160000e+00,6.65270000e+00
6.66880000e+00,1.94600000e+10,0.00000000e+00,2.29954153e-01,3.56203502e-01,0.00000000e+00,1.00000000e+00,6.65490000e+00,6.67490000e+00,6.65120000e+00
6.67900000e+00,2.07520000e+10,0.00000000e+00,1.52951062e-01,2.24928023e-01,0.00000000e+00,1.00000000e+00,6.68500000e+00,6.68500000e+00,6.67000000e+00
6.68000000e+00,2.15530000e+10,0.00000000e+00,1.49723012e-02,8.98338075e-02,0.00000000e+00,1.00000000e+00,6.68110000e+00,6.68200000e+00,6.67600000e+00
6.67830000e+00,2.08020000e+10,0.00000000e+00,-2.54491009e-02,1.12275449e-01,0.00000000e+00,1.00000000e+00,6.68350000e+00,6.68350000e+00,6.67600000e+00
6.68000000e+00,2.24180000e+10,0.00000000e+00,2.54555792e-02,6.58850306e-02,0.00000000e+00,1.00000000e+00,6.67950000e+00,6.68080000e+00,6.67640000e+00
6.68000000e+00,1.68810000e+10,0.00000000e+00,0.00000000e+00,1.66167665e-01,0.00000000e+00,1.00000000e+00,6.67780000e+00,6.68310000e+00,6.67200000e+00
6.67520000e+00,2.00440000e+10,0.00000000e+00,-7.18562901e-02,9.13173653e-02,0.00000000e+00,1.00000000e+00,6.68000000e+00,6.68060000e+00,6.67450000e+00
6.68030000e+00,2.50870000e+10,0.00000000e+00,7.64022022e-02,2.32202780e-01,0.00000000e+00,1.00000000e+00,6.67750000e+00,6.68770000e+00,6.67220000e+00
6.66410000e+00,2.25470000e+10,0.00000000e+00,-2.42504075e-01,1.84123468e-01,0.00000000e+00,1.00000000e+00,6.67220000e+00,6.67240000e+00,6.66010000e+00
6.66390000e+00,2.45140000e+10,0.00000000e+00,-3.00115533e-03,1.33551417e-01,0.00000000e+00,1.00000000e+00,6.66630000e+00,6.66950000e+00,6.66060000e+00
6.67990000e+00,2.71620000e+10,0.00000000e+00,2.40099639e-01,2.31095905e-01,0.00000000e+00,1.00000000e+00,6.67290000e+00,6.68550000e+00,6.67010000e+00
6.67990000e+00,2.62090000e+10,0.00000000e+00,0.00000000e+00,1.19762272e-01,0.00000000e+00,1.00000000e+00,6.68030000e+00,6.68350000e+00,6.67550000e+00
6.68000000e+00,3.01640000e+10,0.00000000e+00,1.49702840e-03,9.43127891e-02,0.00000000e+00,1.00000000e+00,6.67780000e+00,6.68090000e+00,6.67460000e+00
6.67110000e+00,2.85450000e+10,0.00000000e+00,-1.33233532e-01,1.63173653e-01,0.00000000e+00,1.00000000e+00,6.67660000e+00,6.67910000e+00,6.66820000e+00
6.67160000e+00,1.79060000e+10,0.00000000e+00,7.49501586e-03,1.96369414e-01,0.00000000e+00,1.00000000e+00,6.66090000e+00,6.67330000e+00,6.66020000e+00
6.67110000e+00,2.38440000e+10,0.00000000e+00,-7.49445427e-03,8.09401043e-02,0.00000000e+00,1.00000000e+00,6.67100000e+00,6.67400000e+00,6.66860000e+00
6.67130000e+00,2.72540000e+10,0.00000000e+00,2.99800630e-03,1.24417263e-01,0.00000000e+00,1.00000000e+00,6.67210000e+00,6.67430000e+00,6.66600000e+00
6.66930000e+00,1.60730000e+10,0.00000000e+00,-2.99791638e-02,1.40902073e-01,0.00000000e+00,1.00000000e+00,6.66110000e+00,6.67050000e+00,6.66110000e+00
6.67000000e+00,2.19230000e+10,0.00000000e+00,1.04958545e-02,4.04840088e-02,0.00000000e+00,1.00000000e+00,6.66990000e+00,6.67150000e+00,6.66880000e+00
6.66990000e+00,2.27290000e+10,0.00000000e+00,-1.49925041e-03,4.34782609e-02,0.00000000e+00,1.00000000e+00,6.67010000e+00,6.67120000e+00,6.66830000e+00
6.66840000e+00,2.57170000e+10,0.00000000e+00,-2.24890932e-02,4.64774584e-02,0.00000000e+00,1.00000000e+00,6.66950000e+00,6.66990000e+00,6.66680000e+00
6.67120000e+00,2.87770000e+10,0.00000000e+00,4.19890843e-02,1.19968808e-01,0.00000000e+00,1.00000000e+00,6.66780000e+00,6.67500000e+00,6.66700000e+00
6.66900000e+00,3.06280000e+10,0.00000000e+00,-3.29775736e-02,8.09449574e-02,0.00000000e+00,1.00000000e+00,6.67240000e+00,6.67240000e+00,6.66700000e+00
6.67000000e+00,1.90530000e+10,0.00000000e+00,1.49947517e-02,9.74658869e-02,0.00000000e+00,1.00000000e+00,6.66880000e+00,6.67450000e+00,6.66800000e+00
6.70280000e+00,2.10950000e+10,0.00000000e+00,4.91754115e-01,2.20389805e-01,0.00000000e+00,1.00000000e+00,6.69040000e+00,6.70510000e+00,6.69040000e+00
6.71480000e+00,2.67910000e+10,0.00000000e+00,1.79029658e-01,2.16327505e-01,0.00000000e+00,1.00000000e+00,6.70550000e+00,6.72000000e+00,6.70550000e+00
6.71390000e+00,2.23800000e+10,0.00000000e+00,-1.34032285e-02,1.62327992e-01,0.00000000e+00,1.00000000e+00,6.72220000e+00,6.72300000e+00,6.71210000e+00
6.72990000e+00,2.50030000e+10,0.00000000e+00,2.38311559e-01,2.35332668e-01,0.00000000e+00,1.00000000e+00,6.72650000e+00,6.73200000e+00,6.71620000e+00
6.72550000e+00,2.82900000e+10,0.00000000e+00,-6.53798729e-02,9.50979955e-02,0.00000000e+00,1.00000000e+00,6.72230000e+00,6.72710000e+00,6.72070000e+00
6.73960000e+00,2.18330000e+10,0.00000000e+00,2.09649846e-01,1.38279682e-01,0.00000000e+00,1.00000000e+00,6.73180000e+00,6.74050000e+00,6.73120000e+00
6.73930000e+00,2.94310000e+10,0.00000000e+00,-4.45130281e-03,1.00896196e-01,0.00000000e+00,1.00000000e+00,6.73500000e+00,6.74180000e+00,6.73500000e+00
6.73930000e+00,2.69220000e+10,0.00000000e+00,0.00000000e+00,8.01270162e-02,0.00000000e+00,1.00000000e+00,6.73820000e+00,6.74090000e+00,6.73550000e+00
6.73960000e+00,3.06810000e+10,0.00000000e+00,4.45150072e-03,1.51351031e-01,0.00000000e+00,1.00000000e+00,6.73920000e+00,6.74570000e+00,6.73550000e+00
6.75990000e+00,2.44540000e+10,0.00000000e+00,3.01204830e-01,2.59659327e-01,0.00000000e+00,1.00000000e+00,6.74800000e+00,6.76550000e+00,6.74800000e+00
6.77180000e+00,3.12570000e+10,0.00000000e+00,1.76038101e-01,1.44972559e-01,0.00000000e+00,1.00000000e+00,6.77330000e+00,6.77750000e+00,6.76770000e+00
6.77780000e+00,2.91730000e+10,0.00000000e+00,8.86027366e-02,8.86027349e-02,0.00000000e+00,1.00000000e+00,6.77870000e+00,6.77950000e+00,6.77350000e+00
6.76860000e+00,2.63030000e+10,0.00000000e+00,-1.35737255e-01,1.13606185e-01,0.00000000e+00,1.00000000e+00,6.77420000e+00,6.77420000e+00,6.76650000e+00
6.77780000e+00,4.06050000e+10,0.00000000e+00,1.35921761e-01,1.12283190e-01,0.00000000e+00,1.00000000e+00,6.77770000e+00,6.78350000e+00,6.77590000e+00
6.77950000e+00,2.78550000e+10,0.00000000e+00,2.50818841e-02,1.38688070e-01,0.00000000e+00,1.00000000e+00,6.78560000e+00,6.78560000e+00,6.77620000e+00
6.77080000e+00,3.35080000e+10,0.00000000e+00,-1.28328055e-01,1.47503503e-01,0.00000000e+00,1.00000000e+00,6.77020000e+00,6.77820000e+00,6.76820000e+00
6.77440000e+00,2.90300000e+10,0.00000000e+00,5.31694926e-02,1.75754711e-01,0.00000000e+00,1.00000000e+00,6.77160000e+00,6.77690000e+00,6.76500000e+00
6.76130000e+00,3.22010000e+10,0.00000000e+00,-1.93375066e-01,1.03330184e-01,0.00000000e+00,1.00000000e+00,6.76550000e+00,6.76580000e+00,6.75880000e+00
6.76080000e+00,3.18380000e+10,0.00000000e+00,-7.39502767e-03,1.10925414e-01,0.00000000e+00,1.00000000e+00,6.75890000e+00,6.76440000e+00,6.75690000e+00
6.75910000e+00,3.46360000e+10,0.00000000e+00,-2.51449533e-02,1.65660869e-01,0.00000000e+00,1.00000000e+00,6.76050000e+00,6.76210000e+00,6.75090000e+00
6.77580000e+00,2.79700000e+10,0.00000000e+00,2.47074321e-01,1.46469204e-01,0.00000000e+00,1.00000000e+00,6.76950000e+00,6.77690000e+00,6.76700000e+00
6.78000000e+00,2.87520000e+10,0.00000000e+00,6.19852990e-02,1.87431742e-01,0.00000000e+00,1.00000000e+00,6.78100000e+00,6.78450000e+00,6.77180000e+00
6.77310000e+00,2.00360000e+10,0.00000000e+00,-1.01769909e-01,4.39528024e-01,0.00000000e+00,1.00000000e+00,6.78460000e+00,6.78480000e+00,6.75500000e+00
6.79250000e+00,2.71210000e+10,0.00000000e+00,2.86427200e-01,3.14479337e-01,0.00000000e+00,1.00000000e+00,6.79800000e+00,6.80990000e+00,6.78860000e+00
6.81550000e+00,3.08610000e+10,0.00000000e+00,3.38608772e-01,3.81302908e-01,0.00000000e+00,1.00000000e+00,6.80760000e+00,6.82140000e+00,6.79550000e+00
6.84090000e+00,2.43050000e+10,0.00000000e+00,3.72679919e-01,4.41640379e-01,0.00000000e+00,1.00000000e+00,6.81800000e+00,6.84790000e+00,6.81780000e+00
6.85300000e+00,2.83820000e+10,0.00000000e+00,1.76877305e-01,3.59601807e-01,0.00000000e+00,1.00000000e+00,6.84530000e+00,6.86600000e+00,6.84140000e+00
6.87000000e+00,3.34970000e+10,0.00000000e+00,2.48066545e-01,2.81628484e-01,0.00000000e+00,1.00000000e+00,6.86080000e+00,6.87980000e+00,6.86050000e+00
6.87000000e+00,3.14560000e+10,0.00000000e+00,0.00000000e+00,1.86317322e-01,0.00000000e+00,1.00000000e+00,6.87600000e+00,6.87990000e+00,6.86710000e+00
6.89120000e+00,4.18080000e+10,0.00000000e+00,3.08588058e-01,1.54294032e-01,0.00000000e+00,1.00000000e+00,6.88900000e+00,6.89500000e+00,6.88440000e+00
6.89560000e+00,2.80800000e+10,0.00000000e+00,6.38495460e-02,1.18992338e-01,0.00000000e+00,1.00000000e+00,6.89450000e+00,6.89920000e+00,6.89100000e+00
6.88800000e+00,3.41010000e+10,0.00000000e+00,-1.10215209e-01,1.20366611e-01,0.00000000e+00,1.00000000e+00,6.88800000e+00,6.89200000e+00,6.88370000e+00
6.89280000e+00,2.53040000e+10,0.00000000e+00,6.96864128e-02,4.15214866e-01,0.00000000e+00,1.00000000e+00,6.89230000e+00,6.91900000e+00,6.89040000e+00
6.91890000e+00,3.91140000e+10,0.00000000e+00,3.78656000e-01,1.76996286e-01,0.00000000e+00,1.00000000e+00,6.92400000e+00,6.92700000e+00,6.91480000e+00
6.91510000e+00,3.11370000e+10,0.00000000e+00,-5.49220257e-02,1.28633164e-01,0.00000000e+00,1.00000000e+00,6.92050000e+00,6.92100000e+00,6.91210000e+00
6.90220000e+00,2.76260000e+10,0.00000000e+00,-1.86548278e-01,1.51841622e-01,0.00000000e+00,1.00000000e+00,6.90420000e+00,6.90940000e+00,6.89890000e+00
6.89140000e+00,3.12460000e+10,0.00000000e+00,-1.56471848e-01,1.39086088e-01,0.00000000e+00,1.00000000e+00,6.89090000e+00,6.89960000e+00,6.89000000e+00
6.88700000e+00,3.11850000e+10,0.00000000e+00,-6.38476908e-02,9.28693734e-02,0.00000000e+00,1.00000000e+00,6.88450000e+00,6.88800000e+00,6.88160000e+00
6.89490000e+00,3.27680000e+10,0.00000000e+00,1.14708871e-01,1.33585015e-01,0.00000000e+00,1.00000000e+00,6.89550000e+00,6.89570000e+00,6.88650000e+00
6.88180000e+00,3.55290000e+10,0.00000000e+00,-1.89995497e-01,1.63889251e-01,0.00000000e+00,1.00000000e+00,6.88300000e+00,6.89020000e+00,6.87890000e+00
6.88610000e+00,3.02270000e+10,0.00000000e+00,6.24836534e-02,1.71466767e-01,0.00000000e+00,1.00000000e+00,6.88700000e+00,6.89050000e+00,6.87870000e+00
6.87620000e+00,3.85690000e+10,0.00000000e+00,-1.43767878e-01,2.80274756e-01,0.00000000e+00,1.00000000e+00,6.86400000e+00,6.88200000e+00,6.86270000e+00
6.88500000e+00,3.91930000e+10,0.00000000e+00,1.27977669e-01,2.93766906e-01,0.00000000e+00,1.00000000e+00,6.88650000e+00,6.89220000e+00,6.87200000e+00
6.87990000e+00,3.14240000e+10,0.00000000e+00,-7.40740746e-02,9.58605664e-02,0.00000000e+00,1.00000000e+00,6.87960000e+00,6.88260000e+00,6.87600000e+00
6.90050000e+00,3.26240000e+10,0.00000000e+00,2.99422950e-01,1.13373741e-01,0.00000000e+00,1.00000000e+00,6.89850000e+00,6.90560000e+00,6.89780000e+00
6.91520000e+00,3.69750000e+10,0.00000000e+00,2.13028044e-01,1.43467865e-01,0.00000000e+00,1.00000000e+00,6.90920000e+00,6.91850000e+00,6.90860000e+00
6.90150000e+00,4.60320000e+10,0.00000000e+00,-1.98114306e-01,6.07357705e-02,0.00000000e+00,1.00000000e+00,6.90150000e+00,6.90360000e+00,6.89940000e+00
6.90490000e+00,3.34750000e+10,0.00000000e+00,4.92646508e-02,1.41998116e-01,0.00000000e+00,1.00000000e+00,6.90490000e+00,6.90840000e+00,6.89860000e+00
6.93540000e+00,2.74870000e+10,0.00000000e+00,4.41715300e-01,3.41786268e-01,0.00000000e+00,1.00000000e+00,6.93500000e+00,6.94780000e+00,6.92420000e+00
6.95470000e+00,2.45660000e+10,0.00000000e+00,2.78282434e-01,2.39351732e-01,0.00000000e+00,1.00000000e+00,6.94880000e+00,6.96160000e+00,6.94500000e+00
6.94500000e+00,3.58420000e+10,0.00000000e+00,-1.39474019e-01,1.73983062e-01,0.00000000e+00,1.00000000e+00,6.93980000e+00,6.95130000e+00,6.93920000e+00
6.95090000e+00,4.19400000e+10,0.00000000e+00,8.49532038e-02,6.62347012e-02,0.00000000e+00,1.00000000e+00,6.95000000e+00,6.95200000e+00,6.94740000e+00
6.95120000e+00,2.98940000e+10,0.00000000e+00,4.31598770e-03,1.79832827e-01,0.00000000e+00,1.00000000e+00,6.94820000e+00,6.95250000e+00,6.94000000e+00
6.94660000e+00,3.54700000e+10,0.00000000e+00,-6.61756247e-02,7.19300265e-02,0.00000000e+00,1.00000000e+00,6.94800000e+00,6.94900000e+00,6.94400000e+00
6.94940000e+00,3.25650000e+10,0.00000000e+00,4.03074883e-02,6.19007860e-02,0.00000000e+00,1.00000000e+00,6.94970000e+00,6.95030000e+00,6.94600000e+00
6.94970000e+00,2.71010000e+10,0.00000000e+00,4.31691948e-03,4.17302213e-02,0.00000000e+00,1.00000000e+00,6.94860000e+00,6.94980000e+00,6.94690000e+00
6.94980000e+00,3.76440000e+10,0.00000000e+00,1.43891107e-03,8.20179288e-02,0.00000000e+00,1.00000000e+00,6.94930000e+00,6.95400000e+00,6.94830000e+00
6.95490000e+00,3.20760000e+10,0.00000000e+00,7.33834058e-02,2.38855794e-01,0.00000000e+00,1.00000000e+00,6.95000000e+00,6.96660000e+00,6.95000000e+00
6.95470000e+00,2.85670000e+10,0.00000000e+00,-2.87567033e-03,6.90160894e-02,0.00000000e+00,1.00000000e+00,6.95470000e+00,6.95660000e+00,6.95180000e+00
6.94950000e+00,2.97360000e+10,0.00000000e+00,-7.47695789e-02,1.22219506e-01,0.00000000e+00,1.00000000e+00,6.94900000e+00,6.95050000e+00,6.94200000e+00
6.95570000e+00,3.39990000e+10,0.00000000e+00,8.92150551e-02,1.48212102e-01,0.00000000e+00,1.00000000e+00,6.95400000e+00,6.96280000e+00,6.95250000e+00
6.94850000e+00,2.64240000e+10,0.00000000e+00,-1.03512228e-01,3.78107164e-01,0.00000000e+00,1.00000000e+00,6.95650000e+00,6.95650000e+00,6.93020000e+00
6.88170000e+00,2.65700000e+10,0.00000000e+00,-9.61358547e-01,8.86522271e-01,0.00000000e+00,1.00000000e+00,6.92800000e+00,6.92990000e+00,6.86830000e+00
6.92300000e+00,2.80980000e+10,0.00000000e+00,6.00142419e-01,8.86408882e-01,0.00000000e+00,1.00000000e+00,6.87890000e+00,6.93990000e+00,6.87890000e+00
6.93440000e+00,2.28500000e+10,0.00000000e+00,1.64668500e-01,1.51668352e-01,0.00000000e+00,1.00000000e+00,6.94000000e+00,6.94000000e+00,6.92950000e+00
6.92420000e+00,2.81170000e+10,0.00000000e+00,-1.47092760e-01,1.41324412e-01,0.00000000e+00,1.00000000e+00,6.92800000e+00,6.93150000e+00,6.92170000e+00
6.92660000e+00,1.89860000e+10,0.00000000e+00,3.46610434e-02,2.16631524e-01,0.00000000e+00,1.00000000e+00,6.92530000e+00,6.93700000e+00,6.92200000e+00
6.90000000e+00,2.05090000e+10,0.00000000e+00,-3.84026796e-01,5.34172610e-01,0.00000000e+00,1.00000000e+00,6.92250000e+00,6.92450000e+00,6.88750000e+00
6.90000000e+00,1.83420000e+10,0.00000000e+00,0.00000000e+00,3.11594203e-01,0.00000000e+00,1.00000000e+00,6.90500000e+00,6.90700000e+00,6.88550000e+00
6.89760000e+00,2.23440000e+10,0.00000000e+00,-3.47826071e-02,1.88405797e-01,0.00000000e+00,1.00000000e+00,6.90250000e+00,6.90300000e+00,6.89000000e+00
6.87280000e+00,2.42730000e+10,0.00000000e+00,-3.59545350e-01,7.77081884e-01,0.00000000e+00,1.00000000e+00,6.90330000e+00,6.90370000e+00,6.85010000e+00
6.83420000e+00,1.51200000e+10,0.00000000e+00,-5.61634243e-01,6.09649633e-01,0.00000000e+00,1.00000000e+00,6.85880000e+00,6.87140000e+00,6.82950000e+00
6.87600000e+00,2.00940000e+10,0.00000000e+00,6.11629725e-01,4.31652571e-01,0.00000000e+00,1.00000000e+00,6.85300000e+00,6.88030000e+00,6.85080000e+00
6.87520000e+00,1.83200000e+10,0.00000000e+00,-1.16346711e-02,2.76323444e-01,0.00000000e+00,1.00000000e+00,6.86600000e+00,6.88200000e+00,6.86300000e+00
6.85520000e+00,1.59530000e+10,0.00000000e+00,-2.90900618e-01,3.73807307e-01,0.00000000e+00,1.00000000e+00,6.85700000e+00,6.85920000e+00,6.83350000e+00
6.85700000e+00,1.82760000e+10,0.00000000e+00,2.62574404e-02,3.89485354e-01,0.00000000e+00,1.00000000e+00,6.84550000e+00,6.86200000e+00,6.83530000e+00
6.87960000e+00,1.77800000e+10,0.00000000e+00,3.29590201e-01,3.31048564e-01,0.00000000e+00,1.00000000e+00,6.86520000e+00,6.88680000e+00,6.86410000e+00
6.87800000e+00,9.67000000e+09,0.00000000e+00,-2.32571661e-02,1.94778766e-01,0.00000000e+00,1.00000000e+00,6.86910000e+00,6.88250000e+00,6.86910000e+00
6.87400000e+00,1.24770000e+10,0.00000000e+00,-5.81564419e-02,2.09363187e-01,0.00000000e+00,1.00000000e+00,6.86500000e+00,6.87440000e+00,6.86000000e+00
6.86370000e+00,1.65600000e+10,0.00000000e+00,-1.49839982e-01,1.94937445e-01,0.00000000e+00,1.00000000e+00,6.86650000e+00,6.86900000e+00,6.85560000e+00
6.88150000e+00,2.04990000e+10,0.00000000e+00,2.59335339e-01,3.52579513e-01,0.00000000e+00,1.00000000e+00,6.86600000e+00,6.88620000e+00,6.86200000e+00
6.87800000e+00,1.96850000e+10,0.00000000e+00,-5.08610047e-02,3.13885054e-01,0.00000000e+00,1.00000000e+00,6.88550000e+00,6.89160000e+00,6.87000000e+00
6.86720000e+00,2.12040000e+10,0.00000000e+00,-1.57022387e-01,2.41349229e-01,0.00000000e+00,1.00000000e+00,6.87200000e+00,6.87580000e+00,6.85920000e+00
6.88140000e+00,1.91620000e+10,0.00000000e+00,2.06780061e-01,1.60181733e-01,0.00000000e+00,1.00000000e+00,6.87890000e+00,6.88400000e+00,6.87300000e+00
6.87930000e+00,1.96050000e+10,0.00000000e+00,-3.05170454e-02,2.32510826e-01,0.00000000e+00,1.00000000e+00,6.89100000e+00,6.89100000e+00,6.87500000e+00
6.86740000e+00,1.89230000e+10,0.00000000e+00,-1.72982723e-01,3.47419069e-01,0.00000000e+00,1.00000000e+00,6.87880000e+00,6.88740000e+00,6.86350000e+00
6.86720000e+00,1.63760000e+10,0.00000000e+00,-2.91231042e-03,1.96580948e-01,0.00000000e+00,1.00000000e+00,6.86800000e+00,6.87550000e+00,6.86200000e+00
6.85850000e+00,1.65020000e+10,0.00000000e+00,-1.26689196e-01,2.67940354e-01,0.00000000e+00,1.00000000e+00,6.86080000e+00,6.86480000e+00,6.84640000e+00
6.87090000e+00,1.26640000e+10,0.00000000e+00,1.80797547e-01,2.71196326e-01,0.00000000e+00,1.00000000e+00,6.85360000e+00,6.87220000e+00,6.85360000e+00
6.87820000e+00,1.86470000e+10,0.00000000e+00,1.06245182e-01,2.25589079e-01,0.00000000e+00,1.00000000e+00,6.86600000e+00,6.88100000e+00,6.86550000e+00
6.88260000e+00,2.26770000e+10,0.00000000e+00,6.39702231e-02,1.16309500e-01,0.00000000e+00,1.00000000e+00,6.87900000e+00,6.88700000e+00,6.87900000e+00
6.87800000e+00,1.86030000e+10,0.00000000e+00,-6.68352097e-02,9.29881150e-02,0.00000000e+00,1.00000000e+00,6.88190000e+00,6.88270000e+00,6.87630000e+00
6.87740000e+00,1.90000000e+10,0.00000000e+00,-8.72346573e-03,1.13405060e-01,0.00000000e+00,1.00000000e+00,6.87390000e+00,6.88130000e+00,6.87350000e+00
6.87180000e+00,2.07110000e+10,0.00000000e+00,-8.14261213e-02,2.16651642e-01,0.00000000e+00,1.00000000e+00,6.87180000e+00,6.87490000e+00,6.86000000e+00
6.87140000e+00,1.95040000e+10,0.00000000e+00,-5.82089135e-03,1.51343171e-01,0.00000000e+00,1.00000000e+00,6.87620000e+00,6.87860000e+00,6.86820000e+00
6.86890000e+00,1.91720000e+10,0.00000000e+00,-3.63826863e-02,1.65905056e-01,0.00000000e+00,1.00000000e+00,6.87220000e+00,6.87260000e+00,6.86120000e+00
6.88000000e+00,2.03820000e+10,0.00000000e+00,1.61597922e-01,1.44127881e-01,0.00000000e+00,1.00000000e+00,6.87600000e+00,6.88240000e+00,6.87250000e+00
6.88200000e+00,1.81220000e+10,0.00000000e+00,2.90697683e-02,1.48255814e-01,0.00000000e+00,1.00000000e+00,6.88500000e+00,6.89020000e+00,6.88000000e+00
6.89800000e+00,2.20770000e+10,0.00000000e+00,2.32490554e-01,2.38302819e-01,0.00000000e+00,1.00000000e+00,6.89030000e+00,6.90650000e+00,6.89010000e+00
6.89290000e+00,2.22950000e+10,0.00000000e+00,-7.39344731e-02,1.65265294e-01,0.00000000e+00,1.00000000e+00,6.89420000e+00,6.89890000e+00,6.88750000e+00
6.89870000e+00,2.13230000e+10,0.00000000e+00,8.41445550e-02,1.24766064e-01,0.00000000e+00,1.00000000e+00,6.89800000e+00,6.90490000e+00,6.89630000e+00
6.90700000e+00,2.66230000e+10,0.00000000e+00,1.20312519e-01,2.15982721e-01,0.00000000e+00,1.00000000e+00,6.89950000e+00,6.91350000e+00,6.89860000e+00
